id,name,style,venue_id,date,end_date,start,end,price,payment,beginner_class,music,dj,band,organizer,url,description,status
aw-chicago-ballroom-blues-2026-06-05,AW på Chicago – Temakurs: Ballroom Blues / Dips & Tricks,blues,chicago,2026-06-05,,17:00,19:00,200/140 kr,Swish,,dj,,,Chicago Swing Dance Studio,https://www.chicago75.se/evenemang/aw-pa-chicago---temakurs---ballroom-blues-dips-tricks-fast-partner,"Chicago After Work – Temaklasser – Drop-In. Under våren erbjuder vi ett antal temaklasser på Chicago. De är drop-in-baserade, alltså ingen föranmälan utan det är bara att dyka upp. Denna gången behöver du dock komma med en fast partner. Tema: Ballroom Blues / Dips & Tricks. We take you through a style of blues dancing from the Savoy Ballroom — from doing “the walk” to a bit of showboating with some dips and tricks, fit for serious blues dancers as well as anybody interested in leveling up their slow dancing. Nivån är öppen med start från Nybörjare/Fortsättning så att alla skall känna sig välkomna.",ended
tommy-lobel-norrport-2026-06-04,Tommy Löbel Swing Band,all,norrport,2026-06-04,,19:00,22:00,,,,live,,Tommy Löbel Swing Band,Norrport,https://norrport.se/norrportlive/tommy-lobel-swing-band-torsdag-4-juni-kl-1900-2200/,"Gör er redo för en oförglömlig kväll med äkta swingglädje! Norrport välkomnar Tommy Löbel Swing Band till scenen för en musikalisk tidsresa. Upplev sväng i världsklass med en av Sveriges främsta klarinettister, Tommy Löbel, och hans dynamiska band — en hyllning till den gyllene swingeran, starkt inspirerad av legender som Benny Goodman. Förbered er på ett oemotståndligt gung som gör det omöjligt att sitta still! Vi ser fram emot en varm och personlig ""vardagsrumskänsla"" där musiken står i centrum: sofistikerad, glädjefylld och tekniskt briljant 30- och 40-talsjazz, perfekt för en elegant lyssnarupplevelse eller för att låta fötterna svänga fritt.",ended
blues-sprallen-2026-06-06,Blues Dance at Sprallen,blues,sprallen,2026-06-06,,18:00,22:00,Free,Swish/cash,18:00,dj,Various,,Sprallen,https://fb.me/e/8WOetjDtH,"Welcome to an evening of blues dance at Sprallen! Blues dance is a family of African American social dances connected to blues music. It gives space for rhythm, improvisation, musicality, connection, and personal expression, and can be either slow and subtle or playful and full of energy. Maybe you already dance blues. Maybe you come from swing, fusion, tango, salsa, contact improv, or another dance style. Maybe you are completely new and just curious. Whatever brought you here, you are welcome. We begin with a short intro class, then social dancing. Support is appreciated.",ended
fusion-sss-2026-06-13,Saturday Night Fusion,all,sss,2026-06-13,,20:00,00:30,,,,dj,Emma Lundqvist,,Swedish Swing Society,https://swedishswing.se/socialdans/,"Detta är en lite nyare företeelse på SSS startad av bluesgänget. På våra fusionkvällar lämnar vi jazz- och bluesvärlden och utforskar mer varierad, ofta modern och elektronisk musik. Vi har inga lektioner i fusion, men socialkvällarna inleds ofta med en konceptklass, och dansen blir ofta en blandning och ett möte mellan de olika dansstilar som deltagarna tar med sig.",ended
tegels-2026-06-28,Tegels Jazzorkester,all,vinterviken,2026-06-28,,16:00,20:00,100/150 kr,,16:00,live,,Tegels Jazzorkester,Tegels Jazzorkester,https://www.facebook.com/events/s/tegels-jazzorkester-bjuder-in-/1438946378247321/,"Tegels jazzorkester bjuder in till dans i Vintervikens trädgård i sommar! Vi inleder med en crash-course i enkel swingdans som passar för alla, även total nybörjare — tanken är att du ska kunna dansa direkt efter lektionen. Sen följer en konsert med dansvänlig jazz. Vintervikens trädgårdskafé håller öppet med god mat och dryck och det finns gott om sittplatser för att bara hänga och lyssna. Musikalisk inspiration hämtas från Louis Armstrong, Billie Holiday, Ella Fitzgerald, Duke Ellington, Sidney Bechet, Chet Baker och Count Basie. Det blir rökig blues, svängig swing och het jazz! Boka din plats genom att maila susana.min@gmail.com — begränsat antal platser. Arrangeras med stöd av studieförbundet Bilda.",ended
tegels-2026-08-09,Tegels Jazzorkester,all,vinterviken,2026-08-09,,16:00,20:00,100/150 kr,,16:00,live,,Tegels Jazzorkester,Tegels Jazzorkester,https://www.facebook.com/events/s/tegels-jazzorkester-bjuder-in-/1438946378247321/,"Tegels jazzorkester bjuder in till dans i Vintervikens trädgård i sommar! Vi inleder med en crash-course i enkel swingdans som passar för alla, även total nybörjare — tanken är att du ska kunna dansa direkt efter lektionen. Sen följer en konsert med dansvänlig jazz. Vintervikens trädgårdskafé håller öppet med god mat och dryck och det finns gott om sittplatser för att bara hänga och lyssna. Musikalisk inspiration hämtas från Louis Armstrong, Billie Holiday, Ella Fitzgerald, Duke Ellington, Sidney Bechet, Chet Baker och Count Basie. Det blir rökig blues, svängig swing och het jazz! Boka din plats genom att maila susana.min@gmail.com — begränsat antal platser. Arrangeras med stöd av studieförbundet Bilda.",ended
tegels-2026-08-30,Tegels Jazzorkester,all,vinterviken,2026-08-30,,16:00,20:00,100/150 kr,,16:00,live,,Tegels Jazzorkester,Tegels Jazzorkester,https://www.facebook.com/events/s/tegels-jazzorkester-bjuder-in-/1438946378247321/,"Tegels jazzorkester bjuder in till dans i Vintervikens trädgård i sommar! Vi inleder med en crash-course i enkel swingdans som passar för alla, även total nybörjare — tanken är att du ska kunna dansa direkt efter lektionen. Sen följer en konsert med dansvänlig jazz. Vintervikens trädgårdskafé håller öppet med god mat och dryck och det finns gott om sittplatser för att bara hänga och lyssna. Musikalisk inspiration hämtas från Louis Armstrong, Billie Holiday, Ella Fitzgerald, Duke Ellington, Sidney Bechet, Chet Baker och Count Basie. Det blir rökig blues, svängig swing och het jazz! Boka din plats genom att maila susana.min@gmail.com — begränsat antal platser. Arrangeras med stöd av studieförbundet Bilda.",live
danshuset-2026-08,Danshuset – Dans i Stadshuset,all,stadshuset,2026-08-28,2026-08-29,20:00,01:00,295 kr,,,mixed,Ciceronen Clabbe af Geijerstam,Stadshusorkestern,Stockholms stadshus,https://stadshuset.stockholm/danshuset,"Sveriges ståtligaste dansbana öppnar igen för två oförglömliga danskvällar i sensommaren! Kapellmästare Stefan Brunzell spelar tillsammans med Stadshusorkestern livemusik för alla danssugna, och ciceronen Clabbe af Geijerstam leder dig stilsäkert genom kvällen från dj-båset. Kvällen rör sig från styrdans till älskade dansbandslåtar, via foxtrot och swing till Bublé och Sinatra, vidare genom schlagerhits och latinska rytmer — och vid midnatt tar dj Clabbe över och får dansgolvet att koka. Stadshusrestauranger finns på plats med lättare rätter, fika och kylda drycker i Blå hallen och Gyllene salen. Åldersgräns 18 år.",live
chicago-elevdans-2026-06-13,Chicago Elevdans,all,chicago,2026-06-13,,20:00,23:00,,,yes,dj,Various,,Chicago Swing Dance Studio,https://www.chicago75.se/evenemang/chicago-elevdans-3,"I slutet av varje kursomgång är det elevdans på Chicago. Alla som går kurs hos oss har fri entré, men man är mer än hjärtligt välkommen även om man inte är elev — då betalar man bara det vanliga entrépriset i dörren. Elevdanserna är DJ-kvällar och musiken har ett lugnare tempo, väl anpassat till alla som inte dansat så länge. Detta är en kväll som är perfekt för dig som inte vågat dig ut på socialdansgolvet ännu. Varmt välkomna alla!",ended
django-friends-norrport-2026-06-11,Django Friends med Deri Rowlands,all,norrport,2026-06-11,,19:00,22:00,Free,donation,,live,,Django Friends med Deri Rowlands,Norrport,https://norrport.se/norrportlive/django-friends-med-deri-rowlands-2026-06-11/,"Norrport får äran att välkomna Django Friends med Deri Rowlands för en oförglömlig kväll! Denna jazzkvartett tar oss med på en musikalisk resa fylld med värme, virtuositet och ljuvligt sväng. Med rötterna i den tidlösa gypsy-jazzen, även känd som Jazz Manouche, framför de egna tolkningar i Django Reinhardts anda och skapar en unik ljudbild. Räkna med smittande energi och ren spelglädje! Detta är den perfekta kvällen för dig som uppskattar akustisk briljans i en gemytlig ""vardagsrumskänsla"", där musiken får ta plats och sprida glädje. En frivillig orkesterpeng uppskattas.",ended
swing-magnifique-scala-2026-06-13,Swing Magnifique / Scalateaterns foajébar,all,scala,2026-06-13,,19:00,22:00,,,,live,,Swing Magnifique,Swing Magnifique,https://www.swingmagnifique.com/gigs,Full fart framåt med Swing Magnifique på Scala!,ended
augustas-swing-saturdays-2026-06-13,Augustas Swing Saturdays,lindy-hop,augustas,2026-06-13,,16:00,19:00,,,,live,,Hus Band,Augustas Folksalong,https://www.instagram.com/p/DV3DKf9jAXH/,"Varmt välkomna till en eftermiddag fylld av sväng på Augustas Folksalong! Bandet består av fyra unga musiker som förenas i sin kärlek till melodisk och svängig jazz, utan några krusiduller. Vi får höra väl valda pärlor ur den amerikanska låtskatten, samt låtar av exempelvis Duke Ellington och Coleman Hawkins. Axel Lindgren – trumpet, Simon Kolmodin – gitarr, Olle Eklind – trombon, Johannes Bäckström – bas. Källarbyns konsertverksamhet stöds av Iceberg Sound Systems och Studieförbundet Bilda.",ended
sommarkrogen-2026-06-12,SommarKrogen,all,scala,2026-06-12,,21:00,00:00,,,,live,,,Lönnkrogen,https://www.facebook.com/events/1669663784254776,"SISTA Lönnkrogen inför sommaren, dvs kom! Dörrar kl 21, musik kl 22ish. Toalettbar osv. P+K",ended
lindyhop-arsta-2026-05-15,Lindyhop i Årsta,lindy-hop,arstaliden,2026-05-15,,18:00,22:00,80 kr,,,dj,Various,,Leo,https://www.arstablick.com/Lindyhop.html,"Förra sommaren hade vi vår första danskväll med Lindy Hop i Årsta. Många kom och det blev en underbar kväll. Vi fortsätter med dessa danskvällar under sommaren 2026.",ended
lindyhop-arsta-2026-05-29,Lindyhop i Årsta,lindy-hop,arstaliden,2026-05-29,,18:00,22:00,80 kr,,,dj,Various,,Leo,https://www.arstablick.com/Lindyhop.html,"Förra sommaren hade vi vår första danskväll med Lindy Hop i Årsta. Många kom och det blev en underbar kväll. Vi fortsätter med dessa danskvällar under sommaren 2026.",ended
lindyhop-arsta-2026-06-12,Lindyhop i Årsta,lindy-hop,arstaliden,2026-06-12,,18:00,22:00,80 kr,,,dj,Various,,Leo,https://www.arstablick.com/Lindyhop.html,"Förra sommaren hade vi vår första danskväll med Lindy Hop i Årsta. Många kom och det blev en underbar kväll. Vi fortsätter med dessa danskvällar under sommaren 2026.",ended
lindyhop-arsta-2026-06-26,Lindyhop i Årsta,lindy-hop,arstaliden,2026-06-26,,18:00,22:00,80 kr,,,dj,Various,,Leo,https://www.arstablick.com/Lindyhop.html,"Förra sommaren hade vi vår första danskväll med Lindy Hop i Årsta. Många kom och det blev en underbar kväll. Vi fortsätter med dessa danskvällar under sommaren 2026.",ended
lindyhop-arsta-2026-07-03,Fumblers Live at Årsta!,lindy-hop,arstaliden,2026-07-03,,18:00,22:00,80 kr,Swish,,live,,Fumblers,Leo,https://www.arstablick.com/Lindyhop.html,"Lindy Hop at Årstaliden dansbana! During the evening the jazzband Fumblers will play. There will also be an open jam during the night. Musicians are welcome to bring their instruments and play with the band.",ended
lindyhop-arsta-2026-08-07,Lindyhop i Årsta,lindy-hop,arstaliden,2026-08-07,,18:00,22:00,80 kr,,,dj,Various,,Leo,https://www.arstablick.com/Lindyhop.html,"Förra sommaren hade vi vår första danskväll med Lindy Hop i Årsta. Många kom och det blev en underbar kväll. Vi fortsätter med dessa danskvällar under sommaren 2026.",ended
lindyhop-arsta-2026-08-21,Lindy Hop i Årsta! (+ Fumblers),lindy-hop,arstaliden,2026-08-21,,17:45,22:00,80 kr,Swish,17:45,live,,Fumblers,Leo,https://www.arstablick.com/Lindyhop.html,Lindy Hop at Årstaliden dansbana! The event will have live music played by the Fumblers.,ended
jesses-jazz-staclara-2026-06-15,Jesses Jazz Band,all,staclara,2026-06-15,,19:00,22:00,,,,live,,Jesses Jazz Band,S:ta Clara Bierhaus,https://www.staclara.se/calendar.html,"Jesses Jazz Band bjuder på svängig och dansvänlig New Orleans-jazz på anrika S:ta Clara Bierhaus i Gamla Stan. Spelglad traditionell jazz i en av Stockholms äldsta krogar.",ended
swing-magnifique-staclara-2026-06-17,Swing Magnifique,all,staclara,2026-06-17,,19:00,22:00,,,,live,,Swing Magnifique,Swing Magnifique,https://www.swingmagnifique.com/gigs,"Swing Magnifique spelar gypsy swing i Django Reinhardts och Stéphane Grappellis anda på S:ta Clara Bierhaus — virtuost, varmt och fullt av sväng.",ended
bandwagon-nomad-2026-06-18,The Bandwagon Swing Orchestra,all,nomad,2026-06-18,,19:00,22:00,,,,live,,The Bandwagon Swing Orchestra,Nomad,https://www.nomad.bar/,"The Bandwagon Swing Orchestra är ett nimannaband från Stockholm med en delad kärlek till jazz och swing. Dansvänlig storbandsswing på musikscenen Nomad.",ended
staclara-2026-06-29,Jesses Jazz Band,all,staclara,2026-06-29,,19:00,22:00,,,,live,,Jesses Jazz Band,S:ta Clara Bierhaus,https://www.staclara.se/calendar.html,Trad Jazz!,ended
chicago-2026-08-26,Säsongspremiär + Öppet Hus – Chicago Live Wednesdays,all,chicago,2026-08-26,,18:00,23:00,,,,live,,,Chicago Swing Dance Studio,https://www.chicago75.se/evenemang/sasongspremiar-oppet-hus---chicago-live-wednesdays-2,,live
norrport-2026-06-18,Old Boy Stompers,all,norrport,2026-06-18,,19:00,22:00,,,,live,,Old Boy Stompers,Norrport,https://norrport.se/norrportlive/old-boy-stompers-2026-06-18/,,ended
midsummer-swing-2026-06-19,Midsummer Swing,all,knowhere,2026-06-19,,19:00,23:00,Free,,,live,,Fumblers,Founders,https://stockholmswing.com,,ended
norrport-2026-06-25,Josefin's New Orleans Gang,all,norrport,2026-06-25,,19:00,22:00,,,,live,,Josefin's New Orleans Gang,Norrport,https://norrport.se/norrportlive/josefins-new-orleans-gang-2026-06-25/,,ended
swing-magnifique-georgian-house-2026-09-16,Swing Magnifique,all,georgian-house,2026-09-16,,18:30,21:30,,,,live,,Swing Magnifique,Swing Magnifique,https://swingmagnifique.com/gigs,,live
swing-magnifique-sankteriksj-2026-10-09,Swing Magnifique,all,sankteriksj,2026-10-09,,21:00,00:00,,,,live,,Swing Magnifique,Swing Magnifique,https://swingmagnifique.com/gigs,,live
swing-magnifique-georgian-house-2026-10-21,Swing Magnifique,all,georgian-house,2026-10-21,,18:30,21:30,,,,live,,Swing Magnifique,Swing Magnifique,https://swingmagnifique.com/gigs,,live
swing-magnifique-sankteriksj-2026-11-27,Swing Magnifique,all,sankteriksj,2026-11-27,,17:00,20:00,,,,live,,Swing Magnifique,Swing Magnifique,https://swingmagnifique.com/gigs,,live
swing-magnifique-georgian-house-2026-12-16,Swing Magnifique,all,georgian-house,2026-12-16,,18:30,21:30,,,,live,,Swing Magnifique,Swing Magnifique,https://swingmagnifique.com/gigs,,live
norrport-2026-06-27,Caroline Williams Blues & Soulfriends,blues,norrport,2026-06-27,,20:00,23:00,,,,live,,Caroline Williams Blues & Soulfriends,Norrport,https://norrport.se/norrportlive/caroline-williams-blues-soulfriends-2026-06-27/,,ended
norrport-2026-07-02,Django Friends med Deri Rowlands,all,norrport,2026-07-02,,19:00,22:00,,,,live,,Django Friends med Deri Rowlands,Norrport,https://norrport.se/norrportlive/django-friends-med-deri-rowlands/,,ended
norrport-2026-07-09,Josefin's New Orleans Gang,all,norrport,2026-07-09,,19:00,22:00,,,,live,,Josefin's New Orleans Gang,Norrport,https://norrport.se/norrportlive/josefins-new-orleans-gang/,,ended
norrport-2026-07-15,Siberian Hotheads,all,norrport,2026-07-15,,19:00,22:00,,,,live,,Siberian Hotheads,Norrport,https://norrport.se/norrportlive/siberian-hotheads-2026-07-15/,,ended
norrport-2026-07-16,Mercblecket Quintet,all,norrport,2026-07-16,,19:00,22:00,,,,live,,Mercblecket Quintet,Norrport,https://norrport.se/norrportlive/mercblecket-quintet/,,ended
norrport-2026-07-23,Jazzkapellet,all,norrport,2026-07-23,,19:00,22:00,,,,live,,Jazzkapellet,Norrport,https://norrport.se/norrportlive/jazzkapellet/,,ended
norrport-2026-07-30,South Station Stompers,all,norrport,2026-07-30,,19:00,22:00,,,,live,,South Station Stompers,Norrport,https://norrport.se/norrportlive/south-station-stompers/,,ended
norrport-2026-08-06,Old Boy Stompers,all,norrport,2026-08-06,,19:00,22:00,,,,live,,Old Boy Stompers,Norrport,https://norrport.se/norrportlive/old-boy-stompers/,,ended
norrport-2026-08-12,Moonbeam Serenaders,all,norrport,2026-08-12,,19:00,22:00,,,,live,,Moonbeam Serenaders,Norrport,https://norrport.se/norrportlive/moonbeam-serenaders/,,ended
norrport-2026-08-13,Django Friends med Deri Rowlands,all,norrport,2026-08-13,,19:00,22:00,,,,live,,Django Friends med Deri Rowlands,Norrport,https://norrport.se/norrportlive/django-friends-med-deri-rowlands-2/,,ended
norrport-2026-08-20,Tommy Löbel Swing Band,all,norrport,2026-08-20,,19:00,22:00,,,,live,,Tommy Löbel Swing Band,Norrport,https://norrport.se/norrportlive/tommy-lobel-swing-band/,,ended
norrport-2026-08-26,Blue Tess,blues,norrport,2026-08-26,,19:00,22:00,,,,live,,Blue Tess,Norrport,https://norrport.se/norrportlive/blue-tess/,,live
norrport-2026-08-27,Josefin's New Orleans Gang,all,norrport,2026-08-27,,19:00,22:00,,,,live,,Josefin's New Orleans Gang,Norrport,https://norrport.se/norrportlive/josefins-new-orleans-gang-2/,,live
norrport-2026-09-05,Caroline Williams Blues & Soulfriends,blues,norrport,2026-09-05,,20:00,23:00,,,,live,,Caroline Williams Blues & Soulfriends,Norrport,https://norrport.se/norrportlive/caroline-williams-blues-soulfriends/,,live
norrport-2026-09-09,Ballin' the Jack,all,norrport,2026-09-09,,19:00,22:00,,,,live,,Ballin' the Jack,Norrport,https://norrport.se/norrportlive/ballin-the-jack/,,live
norrport-2026-09-23,Moonbeam Serenaders,all,norrport,2026-09-23,,19:00,22:00,,,,live,,Moonbeam Serenaders,Norrport,https://norrport.se/norrportlive/moonbeam-serenaders-2/,,live
norrport-2026-10-03,Caroline Williams Blues & Soulfriends,blues,norrport,2026-10-03,,20:00,23:00,,,,live,,Caroline Williams Blues & Soulfriends,Norrport,https://norrport.se/norrportlive/caroline-williams-blues-soulfriends-2/,,live
norrport-2026-10-13,Dr Rulles Jazzklinik,all,norrport,2026-10-13,,19:00,22:00,,,,live,,Dr Rulles Jazzklinik,Norrport,https://norrport.se/norrportlive/stockholm-jazzfestival-pa-norrport/,,live
cynthia-sayer-joyride-2026-06-25,Cynthia Sayer – Joyride,all,kulturhuset,2026-06-25,,19:00,22:00,195 kr,,,live,,Cynthia Sayer & Joyride,Kulturhuset Stadsteatern,https://kulturhusetstadsteatern.se/konserter/cynthia-sayer-joyride,"Cynthia Sayer & Joyride är ett måste för fans av 1920- och 1940-talets jazz och swing. Under ledning av hyllade jazzbanjospelaren och sångerskan Cynthia Sayer bjuder denna all-star-grupp av artister på nya takes på den amerikanska visboken, traditionell jazz, blues, tango, egna kompositioner och mycket mer.",ended
stora-skuggan-2026-07-12,Stora Skuggan Outdoors,lindy-hop,stora-skuggan,2026-07-12,,16:45,20:00,60 kr,Swish/Revolut/PayPal/cash,,dj,,,Stora Skuggan,https://www.facebook.com/StoraSkuggan/,"Outdoor lindy hop social in the rotunda by the pond at Stora Skuggan, a 20+ year Stockholm tradition. Check the event page the morning of for weather cancellations.",ended
stora-skuggan-2026-07-19,Stora Skuggan Outdoors,lindy-hop,stora-skuggan,2026-07-19,,16:45,20:00,60 kr,Swish/Revolut/PayPal/cash,,dj,,,Stora Skuggan,https://www.facebook.com/StoraSkuggan/,"Outdoor lindy hop social in the rotunda by the pond at Stora Skuggan, a 20+ year Stockholm tradition. Check the event page the morning of for weather cancellations.",ended
stora-skuggan-2026-07-26,Stora Skuggan Outdoors,lindy-hop,stora-skuggan,2026-07-26,,16:45,20:00,60 kr,Swish/Revolut/PayPal/cash,,dj,,,Stora Skuggan,https://www.facebook.com/StoraSkuggan/,"Outdoor lindy hop social in the rotunda by the pond at Stora Skuggan, a 20+ year Stockholm tradition. Check the event page the morning of for weather cancellations.",ended
stora-skuggan-2026-08-02,Stora Skuggan Outdoors,lindy-hop,stora-skuggan,2026-08-02,,16:45,20:00,60 kr,Swish/Revolut/PayPal/cash,,dj,,,Stora Skuggan,https://www.facebook.com/StoraSkuggan/,"Outdoor lindy hop social in the rotunda by the pond at Stora Skuggan, a 20+ year Stockholm tradition. Check the event page the morning of for weather cancellations.",ended
stora-skuggan-2026-08-23,Stora Skuggan Outdoors,lindy-hop,stora-skuggan,2026-08-23,,16:45,20:00,60 kr,Swish/Revolut/PayPal/cash,,dj,,,Stora Skuggan,https://www.facebook.com/StoraSkuggan/,"Outdoor lindy hop social in the rotunda by the pond at Stora Skuggan, a 20+ year Stockholm tradition. Check the event page the morning of for weather cancellations.",ended
stora-skuggan-2026-08-30,Stora Skuggan Outdoors,lindy-hop,stora-skuggan,2026-08-30,,16:45,20:00,60 kr,Swish/Revolut/PayPal/cash,,dj,,,Stora Skuggan,https://www.facebook.com/StoraSkuggan/,"Outdoor lindy hop social in the rotunda by the pond at Stora Skuggan, a 20+ year Stockholm tradition. Check the event page the morning of for weather cancellations.",live
swing-out-sss-2026-08-21,Friday Night Swing Out,lindy-hop,sss,2026-08-21,,19:00,22:30,50/100 kr,Swish,,dj,,,Swedish Swing Society,https://swedishswing.se/socialdans/,"A laid-back lindy hop social — swing-oriented, lindy-friendly music from a mix of new and veteran DJs, plus coffee and cookies for sale in a cozy hall.",cancelled
swing-out-sss-2026-09-04,Friday Night Swing Out,lindy-hop,sss,2026-09-04,,19:00,22:30,50/100 kr,Swish,,dj,,,Swedish Swing Society,https://swedishswing.se/socialdans/,"A laid-back lindy hop social — swing-oriented, lindy-friendly music from a mix of new and veteran DJs, plus coffee and cookies for sale in a cozy hall.",live
fusion-sss-2026-09-12,Saturday Night Fusion,all,sss,2026-09-12,,19:00,00:30,50/100 kr,,,dj,,,Swedish Swing Society,https://swedishswing.se/socialdans/,"Fusion nights invite you to break out of your usual dance style's rules and combine movement freely with different partners — no fixed music or dance style, just an intro class (theme varies monthly) followed by open, playful social dancing.",live
swing-out-sss-2026-09-18,Friday Night Swing Out,lindy-hop,sss,2026-09-18,,19:00,22:30,50/100 kr,Swish,,dj,,,Swedish Swing Society,https://swedishswing.se/socialdans/,"A laid-back lindy hop social — swing-oriented, lindy-friendly music from a mix of new and veteran DJs, plus coffee and cookies for sale in a cozy hall.",live
swing-out-sss-2026-10-02,Friday Night Swing Out,lindy-hop,sss,2026-10-02,,19:00,22:30,50/100 kr,Swish,,dj,,,Swedish Swing Society,https://swedishswing.se/socialdans/,"A laid-back lindy hop social — swing-oriented, lindy-friendly music from a mix of new and veteran DJs, plus coffee and cookies for sale in a cozy hall.",live
fusion-sss-2026-10-10,Saturday Night Fusion,all,sss,2026-10-10,,19:00,00:30,50/100 kr,,,dj,,,Swedish Swing Society,https://swedishswing.se/socialdans/,"Fusion nights invite you to break out of your usual dance style's rules and combine movement freely with different partners — no fixed music or dance style, just an intro class (theme varies monthly) followed by open, playful social dancing.",live
swing-out-sss-2026-10-16,Friday Night Swing Out,lindy-hop,sss,2026-10-16,,19:00,22:30,50/100 kr,Swish,,dj,,,Swedish Swing Society,https://swedishswing.se/socialdans/,"A laid-back lindy hop social — swing-oriented, lindy-friendly music from a mix of new and veteran DJs, plus coffee and cookies for sale in a cozy hall.",live
swing-out-sss-2026-11-06,Friday Night Swing Out,lindy-hop,sss,2026-11-06,,19:00,22:30,50/100 kr,Swish,,dj,,,Swedish Swing Society,https://swedishswing.se/socialdans/,"A laid-back lindy hop social — swing-oriented, lindy-friendly music from a mix of new and veteran DJs, plus coffee and cookies for sale in a cozy hall.",live
fusion-sss-2026-11-07,Saturday Night Fusion,all,sss,2026-11-07,,19:00,00:30,50/100 kr,,,dj,,,Swedish Swing Society,https://swedishswing.se/socialdans/,"Fusion nights invite you to break out of your usual dance style's rules and combine movement freely with different partners — no fixed music or dance style, just an intro class (theme varies monthly) followed by open, playful social dancing.",live
swing-out-sss-2026-11-20,Friday Night Swing Out,lindy-hop,sss,2026-11-20,,19:00,22:30,50/100 kr,Swish,,dj,,,Swedish Swing Society,https://swedishswing.se/socialdans/,"A laid-back lindy hop social — swing-oriented, lindy-friendly music from a mix of new and veteran DJs, plus coffee and cookies for sale in a cozy hall.",live
swing-out-sss-2026-12-04,Friday Night Swing Out,lindy-hop,sss,2026-12-04,,19:00,22:30,50/100 kr,Swish,,dj,,,Swedish Swing Society,https://swedishswing.se/socialdans/,"A laid-back lindy hop social — swing-oriented, lindy-friendly music from a mix of new and veteran DJs, plus coffee and cookies for sale in a cozy hall.",live
fusion-sss-2026-12-12,Saturday Night Fusion,all,sss,2026-12-12,,19:00,00:30,50/100 kr,,,dj,,,Swedish Swing Society,https://swedishswing.se/socialdans/,"Fusion nights invite you to break out of your usual dance style's rules and combine movement freely with different partners — no fixed music or dance style, just an intro class (theme varies monthly) followed by open, playful social dancing.",live
staclara-2026-07-15,Jesses Jazz Band/Tom Sancton,all,staclara,2026-07-15,,19:00,22:00,,,,live,,Jesses Jazz Band/Tom Sancton,S:ta Clara Bierhaus,https://www.staclara.se/calendar.html,Nola Jazz!,ended
salta-katten-bryggdans-2026-07-09,Salta Kattens dans på bryggan 33,lindy-hop,skeppsholmen,2026-07-09,,18:30,20:30,,,,dj,Daniel Matevski,,Daniel Matevski,https://fb.me/e/8ihyeTI52,"En spontan bryggdans vid Skeppsholmen, nära af Chapman — bärbar högtalare och tidstypisk lindy hop-musik från 1930- och 1940-talet. Alla är välkomna!",ended
salta-katten-bryggdans-2026-07-24,Salta Kattens dans på bryggan 34,lindy-hop,skeppsholmen,2026-07-24,,18:30,21:00,,,,dj,Daniel Matevski,,Daniel Matevski,https://facebook.com/events/s/salta-kattens-dans-pa-bryggan-/1616715226733795/,"En spontan bryggdans vid Skeppsholmen, nära af Chapman — bärbar högtalare och tidstypisk lindy hop-musik från 1930- och 1940-talet. Alla är välkomna!",ended
sunny-sunday-balboa-2026-07-19,Sunny Sunday Balboa,balboa,sprallen,2026-07-19,,18:00,21:00,40 kr,,,dj,Sunny Sunday Balboa,,Sunny Sunday Balboa,https://fb.me/e/40iwkIW4k,"Fast and occasionally slow tempo authentic swing music for balboa style dancing and such. Will be cancelled in case of unfavorable weather.",ended
sunny-sunday-balboa-2026-08-09,Sunny Sunday Balboa,balboa,sprallen,2026-08-09,,18:00,21:00,40 kr,,,dj,Sunny Sunday Balboa,,Sunny Sunday Balboa,https://fb.me/e/bPK8WAJui,"Fast and occasionally slow tempo authentic swing music for balboa style dancing and such. Will be cancelled in case of unfavorable weather.",ended
sunny-sunday-balboa-2026-08-23,Sunny Sunday Balboa,balboa,sprallen,2026-08-23,,18:00,21:00,40 kr,,,dj,Sunny Sunday Balboa,,Sunny Sunday Balboa,https://fb.me/e/75oj5BmJV,Fast and occasionally slow tempo authentic swing music for balboa style dancing and such. Will be cancelled in case of unfavorable weather.,ended
sunny-sunday-balboa-2026-08-30,Sunny Sunday Balboa,balboa,sprallen,2026-08-30,,18:00,21:00,40 kr,,,dj,Sunny Sunday Balboa,,Sunny Sunday Balboa,https://fb.me/e/4GlpKTsnm,"Fast and occasionally slow tempo authentic swing music for balboa style dancing and such. Will be cancelled in case of unfavorable weather.",live
blues-sprallen-2026-07-11,Blues Dance at Sprallen,blues,sprallen,2026-07-11,,18:00,22:00,Free,Swish,18:00,dj,Various,,Sprallen,https://fb.me/e/4uzfVA2xU,"Welcome to an evening of blues dance at Sprallen! Blues dance is a vibrant expression of African American social dances, intricately connected to blues music, giving space for rhythm, improvisation, musicality, connection, and personal expression—whether slow and subtle or playful and full of energy. No matter your background—blues, swing, fusion, tango, salsa, contact improv, or simply curious—everyone is warmly invited to join. We begin with a short intro class, then social dancing. Support is appreciated.",ended
kulturhuset-goes-palladium-2026-08-14,Kulturhuset goes Palladium,lindy-hop,kulturhuset,2026-08-14,,18:00,23:00,250,Card,18:15,live,,Siberian Hotheads,Siberian Hotheads,https://kulturhusetstadsteatern.se/konserter/siberian-hotheads?fbclid=IwZnRzaAS8C3BwZG9mA2V4dG4DYWVtAjExAHNydGMGYXBwX2lkCjY2Mjg1NjgzNzkAAR7kJL05KRg9rDj2rmrd0pJGMX4LmiMfq2Q8S3AsYuF-CGhhQURYK0M4jRU5Yg_aem_Hm_u1rABZgDBtwbgBVI_gA,"Den 14 augusti spelar 10-mannabandet Siberian Hotheads två set 1940-talsjazz kryddad med latinamerikanska rytmer och klanger i en kväll som fångar Palladium-känslan och hyllar mambons födelse. Kvällen rivstartar med två stycken prova på-kurser i både Lindy Hop och Mambo, välkommen upp till Taket! Dörrar: 18.00 Mambokurs: 18.15-18.45 Lindykurs: 18.45-19.15 Siberian Hotheads: 19.15-21.30 Under slutet av 1940-talet fyllde swingdansare och jazzentusiaster lokaler på både USA:s öst- och västkust för att uppleva den mambovåg som svepte över landet. Latinamerikanska musiker som Machito, Mario Bauzá och Chano Pozo introducerade jazzmusiker till rytmer som cha-cha-cha, rumba och samba, vilket ledde till en fusion av latinmusik med jazz, bebop och swing. Ingenstans var denna sammansmältning mer levande än på Palladium Ballroom i New York, där mambon verkligen fann sin röst. Jitterbugs, salseros och musikälskare – följ med på en kväll utöver det vanliga! Biljetter ➞ https://kulturhusetstadsteatern.se/konserter/siberian-hotheads Line up: Dansinstruktörer Elice & Sakarias från Chicago Swing Dance Studio Arcadia & Konstantin från AK Mambo Musiker Niklas Carlsson – Trumpet / Sång Benjamin Sällström – Trumpet Leon Falk – Trombon / Sång Hampus Adami – Trombon Björn Bäckström – Klarinett / Tenorsaxofon Morgan Lindgren – Altsasoxfon / Barytonsaxofon Jens Waltin – Piano Jakob Hällgren – Bas Nils Nygårdh – Trummor Liliana Zavala – Percussion English: On August 14, the 10-piece band Siberian Hotheads will perform two sets of 1940s jazz infused with Latin American rhythms and sounds in an evening that captures the spirit of the Palladium and pays tribute to the birth of mambo. The evening kicks off with two introductory dance classes in both Lindy Hop and Mambo — welcome to Taket! Doors open: 6:00 PM Mambo class: 6:15–6:45 PM Lindy Hop class: 6:45–7:15 PM Siberian Hotheads live: 7:15–9:30 PM In the late 1940s, swing dancers and jazz enthusiasts packed venues across both the East and West Coasts of the United States to experience the mambo craze sweeping the nation. Latin American musicians such as Machito, Mario Bauzá, and Chano Pozo introduced jazz musicians to rhythms like cha-cha-cha, rumba, and samba, leading to a fusion of Latin music with jazz, bebop, and swing. Nowhere was this fusion more alive than at the Palladium Ballroom, where mambo truly found its voice. Jitterbugs, salseros, and music lovers — join us for an unforgettable evening! Tickets ➞ https://kulturhusetstadsteatern.se/konserter/siberian-hotheads",ended
blues-sprallen-2026-07-26,Blues Dance at Sprallen,blues,sprallen,2026-07-26,,18:00,22:00,Free,Swish,,dj,Various,,Sprallen,https://m.facebook.com/events/1018839247732673/,"Welcome to an exciting evening of blues dance at Sprallen! Blues dance is a vibrant expression of African American social dances, intricately connected to blues music. It allows for rhythm, improvisation, musicality, connection, and personal expression—whether you wish to dance slowly and subtly or playfully with boundless energy! No matter your background—blues, swing, fusion, tango, salsa, contact improv, or simply curious—everyone is warmly invited to join. Support is appreciated.",ended
lindy-boogie-sprallen-2026-08-01,Lindy & Boogie Dance - Live Music,lindy-hop,sprallen,2026-08-01,,15:00,18:00,40 kr (optional),,,live,,The Blue Sound,The Blue Sound,https://www.facebook.com/events/1771409820698464,"Welcome all dancers and music lovers! Live music, playing evergreens and some newer hits.",ended
patchwork-jazz-band-scala-2026-08,Patchwork Jazz Band,all,scala,2026-08-22,,20:00,23:00,Free,,,live,,Patchwork Jazz Band,Scalateatern,https://www.scalateatern.se/forestallning/patchwork-jazz-band/,"Patchwork Jazz Band spelar traditionell New Orleans-jazz i foajén, med influenser från Jelly Roll Morton, Kid Ory och Louis Armstrong såväl som nutida band som Tuba Skinny och Shotgun Jazz Band.",ended
dsf-training-sss-2026-08-15,Workshopdag & Socialdans – Svenska Danssportförbundet,lindy-hop,sss,2026-08-15,,10:00,23:00,"500-600 kr (medlem/icke-medlem), socialdans 100 kr",,,dj,,,Swedish Swing Society,https://www.facebook.com/events/1549098526711353/,"En exklusiv träningsdag för Svenska Danssportförbundets dansare i Boogie Woogie och Lindy Hop, med socialdans efteråt. Instruktörer: Fatima Teffahi — jazztapdansare, pedagog och DJ, aktiv i The Hot Shots och en av drivkrafterna bakom swingdansstudion Chicago, samt styrelseledamot i Herräng Dance Camp. Patrik Pettersson & Lizette Rönnkvist — danspar från The Hot Shots, med en stil starkt influerad av afroamerikansk jazz, stepp och lindy hop från 30- och 40-talet. Två parallella spår: ett med högre tempo och bredare repertoar, ett lugnare för teknik och finlir. Anmälan sker parvis, begränsat antal platser.",ended
mc-nastys-ska-2026-07-31,Mc Nasty's på Skå festplats,all,ska-festplats,2026-07-31,,19:00,21:00,150 kr,Swish/cash/card,,live,,Mc Nasty's,Jazz på Mälaröarna,https://www.facebook.com/events/992523730362320/,"Mc Nasty's bjuder på svängig swing, jazzblues, funk, bossa och någon poplåt. Bandet startades för ca 30 år sedan, och favoritlåten ""Filthy Mc Nasty"" av Horace Silver gav bandet dess namn. Lineup: Lasse Andersson – tenorsax, Bengt Hammar – tenorsax, Palle Svanström – piano, Anders Stenfelt – gitarr, Anders Friström – bas, Inger Sehlqvist – trummor/sång. Arrangeras av Jazz på Mälaröarna i samverkan med Skå festplats och Ekerö kultur- och fritidsnämnd.",ended
weekday-swing-twang-2026-08-20,Weekday Swing på Twang med Augustas Swing Band,all,twang,2026-08-20,,19:00,23:00,75 kr,Swish,,mixed,,Augustas Swing Band,Jazz på Twang,https://www.facebook.com/events/27934664732796103/,"Varmt välkomna till en afton fylld av skön jazzmusik på Café Twang! Augustas Swing Band gästar Twang denna kväll och bjuder på en jazzupplevelse utöver det vanliga, där den musikala menyn är en a la carte av jazzmusikens främsta — Ellington, Mitchell, Golson och Adderley, kanske även Jacquet och Davis, vem vet? Bandet tillgodoser alla smaker, både för dig som vill lyssna och för dig som vill dansa, och på dansgolvet framför scenen finns det utrymme för både lindy och balboa. Bar finns för den som vill ha något att dricka och äta. På scen står: Axel Lidgren – trumpet, Olle Eklind – trombon, Simon Kolmodin – gitarr, Johannes Bäckström – kontrabas, Albin Eklund – trummor.",ended
save-new-orleans-brass-band-2026-08-23,Save New Orleans Brass Band – Jazz för klimatet,all,vasaparken,2026-08-23,,12:00,15:00,Free,,,live,,Save New Orleans Brass Band,Spicy Advice Ragtime Band,https://facebook.com/events/s/save-new-orleans-brass-band-ja/1807007160467380/,"En klimatmanifestation i toner i Vasaparken med Save New Orleans Brass Band, ett projekt av Spicy Advice Ragtime Band och Joakim Falk.",ended
chicago-2026-09-03,Zinken's Rhythm Club,all,chicago,2026-09-03,,20:30,22:30,,,,live,,,Chicago Swing Dance Studio,https://www.chicago75.se/evenemang/zinkens-rhythm-club-9,,live
chicago-2026-09-06,"Chicago ""Swing"" Jam Session #21",all,chicago,2026-09-06,,19:00,22:00,,,,live,,,Chicago Swing Dance Studio,https://www.chicago75.se/evenemang/chicago-swing-jam-session-21,,live
weekday-swing-twang-2026-09-10,Weekday Swing på Twang med Hasse Ling & His Syncopators Of Swing,all,twang,2026-09-10,,19:00,23:00,150 kr,,,mixed,,Hasse Ling & His Syncopators Of Swing,Jazz på Twang,https://www.facebook.com/events/1079303665048716/,"Varmt välkomna till en afton fylld av skön jazzmusik på Café Twang! Hasse Ling & His Syncopators Of Swing gästar Twang denna kväll och bjuder på en jazzupplevelse utöver det vanliga med swing, bop och kanske någon blues. Skönt häng bjuds i alla former och på dansgolvet framför scenen finns det utrymme för både lindy och balboa. Bar finns för den som vill ha något att dricka och äta. På scen står: Hasse Ling – saxofon och sång, William Nilsson – gitarr, Johannes Bäckström – bas, Albin Eklind – trummor, piano TBA.",live
lonnkrogen-2026-08-28,Lönnkrogen,all,scala,2026-08-28,,21:00,00:00,100/75 kr (student),,,live,,Lönnkrogen,Lönnkrogen,https://www.scalateatern.se/forestallning/lonnkrogen-5/,"Året var 1919 och ”Föreningen kristna kvinnor för måttfullhet” m. fl. lyckades genomdriva den så kallade ”Volsteadlagen” i USA. Denna lag och det artonde tillägget innebar ett totalförbud mot rusdrycker i alla dess former. En reaktion mot detta var de så kallade lönnkrogarna (speak easies) som poppade upp över hela USA. Där kunde man åtnjuta smuggelsprit och djävulens musik, d.v.s. jazz, utan att bli störd av lagens väktare. Kom, drick, lyssna, spela… eller gör vad ni behagar!",live
lonnkrogen-2026-09-18,Lönnkrogen,all,scala,2026-09-18,,21:00,00:00,100/75 kr (student),,,live,,Lönnkrogen,Lönnkrogen,https://www.scalateatern.se/forestallning/lonnkrogen-5/,"Året var 1919 och ”Föreningen kristna kvinnor för måttfullhet” m. fl. lyckades genomdriva den så kallade ”Volsteadlagen” i USA. Denna lag och det artonde tillägget innebar ett totalförbud mot rusdrycker i alla dess former. En reaktion mot detta var de så kallade lönnkrogarna (speak easies) som poppade upp över hela USA. Där kunde man åtnjuta smuggelsprit och djävulens musik, d.v.s. jazz, utan att bli störd av lagens väktare. Kom, drick, lyssna, spela… eller gör vad ni behagar!",live
lonnkrogen-2026-10-09,Lönnkrogen,all,scala,2026-10-09,,21:00,00:00,100/75 kr (student),,,live,,Lönnkrogen,Lönnkrogen,https://www.scalateatern.se/forestallning/lonnkrogen-5/,"Året var 1919 och ”Föreningen kristna kvinnor för måttfullhet” m. fl. lyckades genomdriva den så kallade ”Volsteadlagen” i USA. Denna lag och det artonde tillägget innebar ett totalförbud mot rusdrycker i alla dess former. En reaktion mot detta var de så kallade lönnkrogarna (speak easies) som poppade upp över hela USA. Där kunde man åtnjuta smuggelsprit och djävulens musik, d.v.s. jazz, utan att bli störd av lagens väktare. Kom, drick, lyssna, spela… eller gör vad ni behagar!",live
lonnkrogen-2026-10-31,Lönnkrogen,all,scala,2026-10-31,,21:00,00:00,100/75 kr (student),,,live,,Lönnkrogen,Lönnkrogen,https://www.scalateatern.se/forestallning/lonnkrogen-5/,"Året var 1919 och ”Föreningen kristna kvinnor för måttfullhet” m. fl. lyckades genomdriva den så kallade ”Volsteadlagen” i USA. Denna lag och det artonde tillägget innebar ett totalförbud mot rusdrycker i alla dess former. En reaktion mot detta var de så kallade lönnkrogarna (speak easies) som poppade upp över hela USA. Där kunde man åtnjuta smuggelsprit och djävulens musik, d.v.s. jazz, utan att bli störd av lagens väktare. Kom, drick, lyssna, spela… eller gör vad ni behagar!",live
lonnkrogen-2026-11-27,Lönnkrogen,all,scala,2026-11-27,,21:00,00:00,100/75 kr (student),,,live,,Lönnkrogen,Lönnkrogen,https://www.scalateatern.se/forestallning/lonnkrogen-5/,"Året var 1919 och ”Föreningen kristna kvinnor för måttfullhet” m. fl. lyckades genomdriva den så kallade ”Volsteadlagen” i USA. Denna lag och det artonde tillägget innebar ett totalförbud mot rusdrycker i alla dess former. En reaktion mot detta var de så kallade lönnkrogarna (speak easies) som poppade upp över hela USA. Där kunde man åtnjuta smuggelsprit och djävulens musik, d.v.s. jazz, utan att bli störd av lagens väktare. Kom, drick, lyssna, spela… eller gör vad ni behagar!",live
lonnkrogen-2026-12-18,Lönnkrogen,all,scala,2026-12-18,,21:00,00:00,100/75 kr (student),,,live,,Lönnkrogen,Lönnkrogen,https://www.scalateatern.se/forestallning/lonnkrogen-5/,"Året var 1919 och ”Föreningen kristna kvinnor för måttfullhet” m. fl. lyckades genomdriva den så kallade ”Volsteadlagen” i USA. Denna lag och det artonde tillägget innebar ett totalförbud mot rusdrycker i alla dess former. En reaktion mot detta var de så kallade lönnkrogarna (speak easies) som poppade upp över hela USA. Där kunde man åtnjuta smuggelsprit och djävulens musik, d.v.s. jazz, utan att bli störd av lagens väktare. Kom, drick, lyssna, spela… eller gör vad ni behagar!",live
shuffle-sss-2026-08-28,Friday Night Shuffle,balboa,sss,2026-08-28,,19:00,22:00,30/80 kr,Swish,,dj,,,Swedish Swing Society,https://facebook.com/events/1045067401306785,"A social evening for Balboa with music from several DJs. Bring your own water bottle; fika is not available this time due to kitchen renovations.",live
friday-night-blues-sss-2026-09-11,Friday Night Blues,blues,sss,2026-09-11,,19:00,23:59,50/100 kr,Swish/cash,19:00,dj,,,Swedish Swing Society,https://facebook.com/events/1579697450325415,"An evening of blues dance with an intro class followed by social dancing. Volunteers are welcome to help with the cafe, entrance, and closing.",live
shuffle-sss-2026-09-25,Friday Night Shuffle,balboa,sss,2026-09-25,,19:00,22:00,30/80 kr,Swish,,dj,,,Swedish Swing Society,https://facebook.com/events/1029525449990564,"A social evening for Balboa with music from several DJs. Swedish Swing Society welcomes dancers for an informal night of music, dancing, and community.",live
friday-night-blues-sss-2026-10-23,Friday Night Blues,blues,sss,2026-10-23,,19:00,23:59,50/100 kr,Swish/cash,19:00,dj,,,Swedish Swing Society,https://facebook.com/events/1297747126753572,"An evening of blues dance with an intro class followed by social dancing. Volunteers are welcome to help with the cafe, entrance, and closing.",live
friday-night-blues-sss-2026-11-13,Friday Night Blues,blues,sss,2026-11-13,,19:00,23:59,50/100 kr,Swish/cash,19:00,dj,,,Swedish Swing Society,https://facebook.com/events/1066268796148136,"An evening of blues dance with an intro class followed by social dancing. Volunteers are welcome to help with the cafe, entrance, and closing.",live
shuffle-sss-2026-11-27,Friday Night Shuffle,balboa,sss,2026-11-27,,19:00,22:00,30/80 kr,Swish,,dj,,,Swedish Swing Society,https://facebook.com/events/1559892879135618,"A social evening for Balboa with music from several DJs. Swedish Swing Society welcomes dancers for an informal night of music, dancing, and community.",live
shuffle-sss-2026-12-11,Friday Night Shuffle,balboa,sss,2026-12-11,,19:00,22:00,30/80 kr,Swish,,dj,,,Swedish Swing Society,https://facebook.com/events/1908196476517646,"A social evening for Balboa with music from several DJs. Swedish Swing Society welcomes dancers for an informal night of music, dancing, and community.",live
chicago-2026-09-02,Chicago Live Wednesdays - Hasse Ling And His Syncopators Of Swing,all,chicago,2026-09-02,,19:00,23:00,,,,live,,,Chicago Swing Dance Studio,https://www.chicago75.se/evenemang/chicago-live-wednesdays---hasse-ling-and-his-syncopators-of-swing,,live
